Índice,Capa,Tipo,Kernel / Pool,Stride,Campo receptivo,Salto efectivo,Campo receptivo alto,Campo receptivo ancho
1,conv_bloque_1,Conv2D,3 × 3,1 × 1,3 × 3,1 × 1,3,3
4,max_pool_1,MaxPooling2D,2 × 2,2 × 2,4 × 4,2 × 2,4,4
5,conv_bloque_2,Conv2D,3 × 3,1 × 1,8 × 8,2 × 2,8,8
8,max_pool_2,MaxPooling2D,2 × 2,2 × 2,10 × 10,4 × 4,10,10
9,conv_bloque_3,Conv2D,3 × 3,1 × 1,18 × 18,4 × 4,18,18
12,max_pool_3,MaxPooling2D,2 × 2,2 × 2,22 × 22,8 × 8,22,22
13,conv_bloque_4,Conv2D,3 × 3,1 × 1,38 × 38,8 × 8,38,38
16,max_pool_4,MaxPooling2D,2 × 2,2 × 2,46 × 46,16 × 16,46,46
17,global_average_pooling,GlobalAveragePooling2D,2 × 2,2 × 2,62 × 62,32 × 32,62,62
